{"t":"Robinson Road Post Office (PO Box)","a":"Robinson Road, Robinson Road, (S)901048","x":103.847869,"y":1.276739,"u":"https:\/\/www.streetdirectory.com\/asia_travel\/travel\/travel_id_28279\/travel_site_136164\/","hsp":1}	901048
{"t":"Robinson Road Post Office (PO Box)","x":103.847869,"y":1.276739,"u":"https:\/\/www.streetdirectory.com\/asia_travel\/travel\/travel_id_28279\/travel_site_136244\/","hsp":1}	901228
{"t":"Robinson Road Post Office (PO Box)","x":103.847869,"y":1.276739,"u":"https:\/\/www.streetdirectory.com\/asia_travel\/travel\/travel_id_28279\/travel_site_136655\/","hsp":1}	902039
{"t":"Robinson Road Post Office (PO Box)","x":103.847869,"y":1.276739,"u":"https:\/\/www.streetdirectory.com\/asia_travel\/travel\/travel_id_28279\/travel_site_137517\/","hsp":1}	903801
{"t":"Robinson Road Post Office (PO Box)","a":"-, -, (S)905476","x":103.847869,"y":1.276739,"u":"https:\/\/www.streetdirectory.com\/asia_travel\/travel\/travel_id_28279\/travel_site_417710\/","hsp":1}	905476
{"t":"Suntec City Post Office (PO Box)","a":"-, -, (S)910300","x":103.858992,"y":1.296,"u":"https:\/\/www.streetdirectory.com\/asia_travel\/travel\/travel_id_107583\/travel_site_400137\/","hsp":1}	910300
{"t":"Suntec City Post Office (PO Box)","a":"-, -, (S)910301","x":103.858992,"y":1.296,"u":"https:\/\/www.streetdirectory.com\/asia_travel\/travel\/travel_id_107583\/travel_site_400138\/","hsp":1}	910301
{"t":"Suntec City Post Office (PO Box)","a":"-, -, (S)910302","x":103.858992,"y":1.296,"u":"https:\/\/www.streetdirectory.com\/asia_travel\/travel\/travel_id_107583\/travel_site_400139\/","hsp":1}	910302
{"t":"Suntec City Post Office (PO Box)","a":"-, -, (S)910303","x":103.858992,"y":1.296,"u":"https:\/\/www.streetdirectory.com\/asia_travel\/travel\/travel_id_107583\/travel_site_400140\/","hsp":1}	910303
{"t":"Suntec City Post Office (PO Box)","a":"-, -, (S)910304","x":103.858992,"y":1.296,"u":"https:\/\/www.streetdirectory.com\/asia_travel\/travel\/travel_id_107583\/travel_site_400141\/","hsp":1}	910304
{"t":"Suntec City Post Office (PO Box)","a":"-, -, (S)910305","x":103.858992,"y":1.296,"u":"https:\/\/www.streetdirectory.com\/asia_travel\/travel\/travel_id_107583\/travel_site_400142\/","hsp":1}	910305
{"t":"Chinatown Point Post Office (PO Box)","a":"-, -, (S)910501","x":103.844104,"y":1.285694,"u":"https:\/\/www.streetdirectory.com\/asia_travel\/travel\/travel_id_100044\/travel_site_400069\/","hsp":1}	910501
{"t":"Chinatown Point Post Office (PO Box)","a":"-, -, (S)910502","x":103.844088,"y":1.285682,"u":"https:\/\/www.streetdirectory.com\/asia_travel\/travel\/travel_id_100044\/travel_site_400070\/","hsp":1}	910502
{"t":"Chinatown Point Post Office (PO Box)","a":"-, -, (S)910503","x":103.8441,"y":1.285682,"u":"https:\/\/www.streetdirectory.com\/asia_travel\/travel\/travel_id_100044\/travel_site_400071\/","hsp":1}	910503
{"t":"Chinatown Point Post Office (PO Box)","a":"-, -, (S)910504","x":103.844092,"y":1.285682,"u":"https:\/\/www.streetdirectory.com\/asia_travel\/travel\/travel_id_100044\/travel_site_400072\/","hsp":1}	910504
{"t":"Chinatown Point Post Office (PO Box)","a":"-, -, (S)910586","x":103.8441,"y":1.285707,"u":"https:\/\/www.streetdirectory.com\/asia_travel\/travel\/travel_id_100044\/travel_site_400073\/","hsp":1}	910586
{"t":"Chinatown Point Post Office (PO Box)","a":"-, -, (S)910598","x":103.844125,"y":1.285707,"u":"https:\/\/www.streetdirectory.com\/asia_travel\/travel\/travel_id_100044\/travel_site_400074\/","hsp":1}	910598
{"t":"Chinatown Point Post Office (PO Box)","a":"-, -, (S)910599","x":103.84415,"y":1.28569,"u":"https:\/\/www.streetdirectory.com\/asia_travel\/travel\/travel_id_100044\/travel_site_400075\/","hsp":1}	910599
{"t":"Shenton Way Post Office (PO Box)","a":"-, -, (S)910601","x":103.848585,"y":1.277112,"u":"https:\/\/www.streetdirectory.com\/asia_travel\/travel\/travel_id_110225\/travel_site_419728\/","hsp":1}	910601
{"t":"Shenton Way Post Office (PO Box)","a":"-, -, (S)910602","x":103.848585,"y":1.277112,"u":"https:\/\/www.streetdirectory.com\/asia_travel\/travel\/travel_id_110225\/travel_site_419729\/","hsp":1}	910602
{"t":"Shenton Way Post Office (PO Box)","a":"-, -, (S)910603","x":103.848585,"y":1.277112,"u":"https:\/\/www.streetdirectory.com\/asia_travel\/travel\/travel_id_110225\/travel_site_419730\/","hsp":1}	910603
{"t":"POPStation@Seletar Mall","a":"-, -, (S)910891","x":103.876093,"y":1.391507,"u":"https:\/\/www.streetdirectory.com\/asia_travel\/travel\/travel_id_111559\/travel_site_421283\/","hsp":1}	910891
{"t":"Harbourfront Centre Post Office (PO Box)","a":"-, -, (S)910930","x":103.820329,"y":1.263901,"u":"https:\/\/www.streetdirectory.com\/asia_travel\/travel\/travel_id_107584\/travel_site_152303\/","hsp":1}	910930
{"t":"Harbourfront Centre Post Office (PO Box)","a":"-, -, (S)910931","x":103.820329,"y":1.263901,"u":"https:\/\/www.streetdirectory.com\/asia_travel\/travel\/travel_id_107584\/travel_site_417712\/","hsp":1}	910931
{"t":"Harbourfront Centre Post Office (PO Box)","a":"-, -, (S)910932","x":103.820329,"y":1.263901,"u":"https:\/\/www.streetdirectory.com\/asia_travel\/travel\/travel_id_107584\/travel_site_417713\/","hsp":1}	910932
{"t":"Harbourfront Centre Post Office (PO Box)","a":"-, -, (S)910933","x":103.820329,"y":1.263901,"u":"https:\/\/www.streetdirectory.com\/asia_travel\/travel\/travel_id_107584\/travel_site_417714\/","hsp":1}	910933
{"t":"Harbourfront Centre Post Office (PO Box)","a":"-, -, (S)910934","x":103.820329,"y":1.263901,"u":"https:\/\/www.streetdirectory.com\/asia_travel\/travel\/travel_id_107584\/travel_site_417717\/","hsp":1}	910934
{"t":"Harbourfront Centre Post Office (PO Box)","a":"-, -, (S)910935","x":103.820329,"y":1.263901,"u":"https:\/\/www.streetdirectory.com\/asia_travel\/travel\/travel_id_107584\/travel_site_417718\/","hsp":1}	910935
{"t":"Harbourfront Centre Post Office (PO Box)","a":"-, -, (S)910936","x":103.820329,"y":1.263901,"u":"https:\/\/www.streetdirectory.com\/asia_travel\/travel\/travel_id_107584\/travel_site_417719\/","hsp":1}	910936
{"t":"Harbourfront Centre Post Office (PO Box)","a":"-, -, (S)910937","x":103.820329,"y":1.263901,"u":"https:\/\/www.streetdirectory.com\/asia_travel\/travel\/travel_id_107584\/travel_site_417720\/","hsp":1}	910937
{"t":"Harbourfront Centre Post Office (PO Box)","a":"-, -, (S)910938","x":103.820329,"y":1.263901,"u":"https:\/\/www.streetdirectory.com\/asia_travel\/travel\/travel_id_107584\/travel_site_417721\/","hsp":1}	910938
{"t":"POPStation@Pasir Panjang PO","a":"-, -, (S)911192","x":103.771432,"y":1.29153,"u":"https:\/\/www.streetdirectory.com\/asia_travel\/travel\/travel_id_111562\/travel_site_421286\/","hsp":1}	911192
{"t":"Raffles City Post Office (PO Box)","a":"-, -, (S)911286","x":103.854113,"y":1.293489,"u":"https:\/\/www.streetdirectory.com\/asia_travel\/travel\/travel_id_53095\/travel_site_407646\/","hsp":1}	911286
{"t":"Tiong Bahru Post Office (PO Box)","a":"-, -, (S)911605","x":103.830303,"y":1.285642,"u":"https:\/\/www.streetdirectory.com\/asia_travel\/travel\/travel_id_28291\/travel_site_419871\/","hsp":1}	911605
{"t":"Raffles City Post Office (PO Box)","a":"-, -, (S)911701","x":103.854109,"y":1.293547,"u":"https:\/\/www.streetdirectory.com\/asia_travel\/travel\/travel_id_53095\/travel_site_152230\/","hsp":1}	911701
{"t":"Raffles City Post Office (PO Box)","a":"-, -, (S)911702","x":103.854096,"y":1.293581,"u":"https:\/\/www.streetdirectory.com\/asia_travel\/travel\/travel_id_53095\/travel_site_405586\/","hsp":1}	911702
{"t":"Raffles City Post Office (PO Box)","a":"-, -, (S)911703","x":103.854113,"y":1.293539,"u":"https:\/\/www.streetdirectory.com\/asia_travel\/travel\/travel_id_53095\/travel_site_405587\/","hsp":1}	911703
{"t":"Raffles City Post Office (PO Box)","a":"-, -, (S)911704","x":103.854147,"y":1.293463,"u":"https:\/\/www.streetdirectory.com\/asia_travel\/travel\/travel_id_53095\/travel_site_405588\/","hsp":1}	911704
{"t":"Raffles City Post Office (PO Box)","a":"-, -, (S)911705","x":103.854146,"y":1.293497,"u":"https:\/\/www.streetdirectory.com\/asia_travel\/travel\/travel_id_53095\/travel_site_405589\/","hsp":1}	911705
{"t":"Raffles City Post Office (PO Box)","a":"-, -, (S)911706","x":103.85413,"y":1.293505,"u":"https:\/\/www.streetdirectory.com\/asia_travel\/travel\/travel_id_53095\/travel_site_405590\/","hsp":1}	911706
{"t":"Raffles City Post Office (PO Box)","a":"-, -, (S)911707","x":103.854171,"y":1.293522,"u":"https:\/\/www.streetdirectory.com\/asia_travel\/travel\/travel_id_53095\/travel_site_405591\/","hsp":1}	911707
{"t":"Raffles City Post Office (PO Box)","a":"-, -, (S)911708","x":103.854121,"y":1.293514,"u":"https:\/\/www.streetdirectory.com\/asia_travel\/travel\/travel_id_53095\/travel_site_405592\/","hsp":1}	911708
{"t":"Raffles City Post Office (PO Box)","a":"-, -, (S)911709","x":103.854088,"y":1.293514,"u":"https:\/\/www.streetdirectory.com\/asia_travel\/travel\/travel_id_53095\/travel_site_405593\/","hsp":1}	911709
{"t":"Raffles City Post Office (PO Box)","a":"-, -, (S)911710","x":103.85413,"y":1.293547,"u":"https:\/\/www.streetdirectory.com\/asia_travel\/travel\/travel_id_53095\/travel_site_405594\/","hsp":1}	911710
{"t":"Raffles City Post Office (PO Box)","a":"-, -, (S)911711","x":103.85408,"y":1.293598,"u":"https:\/\/www.streetdirectory.com\/asia_travel\/travel\/travel_id_53095\/travel_site_405595\/","hsp":1}	911711
{"t":"Raffles City Post Office (PO Box)","a":"-, -, (S)911712","x":103.854197,"y":1.293438,"u":"https:\/\/www.streetdirectory.com\/asia_travel\/travel\/travel_id_53095\/travel_site_405596\/","hsp":1}	911712
{"t":"Raffles City Post Office (PO Box)","a":"-, -, (S)911713","x":103.854138,"y":1.293463,"u":"https:\/\/www.streetdirectory.com\/asia_travel\/travel\/travel_id_53095\/travel_site_405597\/","hsp":1}	911713
{"t":"Raffles City Post Office (PO Box)","a":"-, -, (S)911714","x":103.854155,"y":1.293489,"u":"https:\/\/www.streetdirectory.com\/asia_travel\/travel\/travel_id_53095\/travel_site_405598\/","hsp":1}	911714
{"t":"Raffles City Post Office (PO Box)","a":"-, -, (S)911715","x":103.854163,"y":1.293472,"u":"https:\/\/www.streetdirectory.com\/asia_travel\/travel\/travel_id_53095\/travel_site_405599\/","hsp":1}	911715
{"t":"Raffles City Post Office (PO Box)","a":"-, -, (S)911716","x":103.85423,"y":1.293514,"u":"https:\/\/www.streetdirectory.com\/asia_travel\/travel\/travel_id_53095\/travel_site_405600\/","hsp":1}	911716
{"t":"Raffles City Post Office (PO Box)","a":"-, -, (S)911717","x":103.854163,"y":1.293489,"u":"https:\/\/www.streetdirectory.com\/asia_travel\/travel\/travel_id_53095\/travel_site_407647\/","hsp":1}	911717
{"t":"Raffles City Post Office (PO Box)","a":"-, -, (S)911718","x":103.854071,"y":1.293522,"u":"https:\/\/www.streetdirectory.com\/asia_travel\/travel\/travel_id_53095\/travel_site_407648\/","hsp":1}	911718
{"t":"Raffles City Post Office (PO Box)","a":"-, -, (S)911719","x":103.854155,"y":1.293489,"u":"https:\/\/www.streetdirectory.com\/asia_travel\/travel\/travel_id_53095\/travel_site_407649\/","hsp":1}	911719
{"t":"Raffles City Post Office (PO Box)","a":"-, -, (S)911720","x":103.854113,"y":1.293547,"u":"https:\/\/www.streetdirectory.com\/asia_travel\/travel\/travel_id_53095\/travel_site_407650\/","hsp":1}	911720
{"t":"Raffles City Post Office (PO Box)","a":"-, -, (S)911721","x":103.854096,"y":1.29353,"u":"https:\/\/www.streetdirectory.com\/asia_travel\/travel\/travel_id_53095\/travel_site_407651\/","hsp":1}	911721
{"t":"Raffles City Post Office (PO Box)","a":"-, -, (S)911722","x":103.854147,"y":1.293463,"u":"https:\/\/www.streetdirectory.com\/asia_travel\/travel\/travel_id_53095\/travel_site_407652\/","hsp":1}	911722
{"t":"Raffles City Post Office (PO Box)","a":"-, -, (S)911723","x":103.854138,"y":1.293539,"u":"https:\/\/www.streetdirectory.com\/asia_travel\/travel\/travel_id_53095\/travel_site_407653\/","hsp":1}	911723
{"t":"Raffles City Post Office (PO Box)","a":"-, -, (S)911724","x":103.854105,"y":1.293497,"u":"https:\/\/www.streetdirectory.com\/asia_travel\/travel\/travel_id_53095\/travel_site_407654\/","hsp":1}	911724
{"t":"Raffles City Post Office (PO Box)","a":"-, -, (S)911725","x":103.854096,"y":1.293581,"u":"https:\/\/www.streetdirectory.com\/asia_travel\/travel\/travel_id_53095\/travel_site_407655\/","hsp":1}	911725
{"t":"Raffles City Post Office (PO Box)","a":"-, -, (S)911726","x":103.854046,"y":1.293522,"u":"https:\/\/www.streetdirectory.com\/asia_travel\/travel\/travel_id_53095\/travel_site_407656\/","hsp":1}	911726
{"t":"Raffles City Post Office (PO Box)","a":"-, -, (S)911727","x":103.854138,"y":1.29353,"u":"https:\/\/www.streetdirectory.com\/asia_travel\/travel\/travel_id_53095\/travel_site_407657\/","hsp":1}	911727
{"t":"Raffles City Post Office (PO Box)","a":"-, -, (S)911728","x":103.854088,"y":1.293564,"u":"https:\/\/www.streetdirectory.com\/asia_travel\/travel\/travel_id_53095\/travel_site_407658\/","hsp":1}	911728
{"t":"Raffles City Post Office (PO Box)","a":"-, -, (S)911729","x":103.854071,"y":1.293564,"u":"https:\/\/www.streetdirectory.com\/asia_travel\/travel\/travel_id_53095\/travel_site_407659\/","hsp":1}	911729
{"t":"Raffles City Post Office (PO Box)","a":"-, -, (S)911730","x":103.854109,"y":1.293547,"u":"https:\/\/www.streetdirectory.com\/asia_travel\/travel\/travel_id_53095\/travel_site_407662\/","hsp":1}	911730
{"t":"Raffles City Post Office (PO Box)","a":"-, -, (S)911731","x":103.854109,"y":1.293547,"u":"https:\/\/www.streetdirectory.com\/asia_travel\/travel\/travel_id_53095\/travel_site_417722\/","hsp":1}	911731
{"t":"Raffles City Post Office (PO Box)","a":"-, -, (S)911732","x":103.85408,"y":1.293539,"u":"https:\/\/www.streetdirectory.com\/asia_travel\/travel\/travel_id_53095\/travel_site_407664\/","hsp":1}	911732
{"t":"Raffles City Post Office (PO Box)","a":"-, -, (S)911733","x":103.854097,"y":1.293463,"u":"https:\/\/www.streetdirectory.com\/asia_travel\/travel\/travel_id_53095\/travel_site_407665\/","hsp":1}	911733
{"t":"Raffles City Post Office (PO Box)","a":"-, -, (S)911734","x":103.854205,"y":1.293522,"u":"https:\/\/www.streetdirectory.com\/asia_travel\/travel\/travel_id_53095\/travel_site_407666\/","hsp":1}	911734
{"t":"Raffles City Post Office (PO Box)","a":"-, -, (S)911735","x":103.854105,"y":1.293556,"u":"https:\/\/www.streetdirectory.com\/asia_travel\/travel\/travel_id_53095\/travel_site_407667\/","hsp":1}	911735
{"t":"Raffles City Post Office (PO Box)","a":"-, -, (S)911736","x":103.854147,"y":1.293556,"u":"https:\/\/www.streetdirectory.com\/asia_travel\/travel\/travel_id_53095\/travel_site_407668\/","hsp":1}	911736
{"t":"Raffles City Post Office (PO Box)","a":"-, -, (S)911737","x":103.854197,"y":1.29369,"u":"https:\/\/www.streetdirectory.com\/asia_travel\/travel\/travel_id_53095\/travel_site_407669\/","hsp":1}	911737
{"t":"Raffles City Post Office (PO Box)","a":"-, -, (S)911738","x":103.854071,"y":1.293514,"u":"https:\/\/www.streetdirectory.com\/asia_travel\/travel\/travel_id_53095\/travel_site_407670\/","hsp":1}	911738
{"t":"Raffles City Post Office (PO Box)","a":"-, -, (S)911739","x":103.854096,"y":1.293581,"u":"https:\/\/www.streetdirectory.com\/asia_travel\/travel\/travel_id_53095\/travel_site_407671\/","hsp":1}	911739
{"t":"Raffles City Post Office (PO Box)","a":"-, -, (S)911740","x":103.85408,"y":1.293572,"u":"https:\/\/www.streetdirectory.com\/asia_travel\/travel\/travel_id_53095\/travel_site_407672\/","hsp":1}	911740
{"t":"Raffles City Post Office (PO Box)","a":"-, -, (S)911741","x":103.854088,"y":1.293497,"u":"https:\/\/www.streetdirectory.com\/asia_travel\/travel\/travel_id_53095\/travel_site_407673\/","hsp":1}	911741
{"t":"Raffles City Post Office (PO Box)","a":"-, -, (S)911742","x":103.854109,"y":1.293547,"u":"https:\/\/www.streetdirectory.com\/asia_travel\/travel\/travel_id_53095\/travel_site_417723\/","hsp":1}	911742
{"t":"Raffles City Post Office (PO Box)","a":"-, -, (S)911743","x":103.854113,"y":1.293556,"u":"https:\/\/www.streetdirectory.com\/asia_travel\/travel\/travel_id_53095\/travel_site_407675\/","hsp":1}	911743
{"t":"Raffles City Post Office (PO Box)","a":"-, -, (S)911744","x":103.854105,"y":1.293614,"u":"https:\/\/www.streetdirectory.com\/asia_travel\/travel\/travel_id_53095\/travel_site_407676\/","hsp":1}	911744
{"t":"Raffles City Post Office (PO Box)","a":"-, -, (S)911745","x":103.854105,"y":1.293547,"u":"https:\/\/www.streetdirectory.com\/asia_travel\/travel\/travel_id_53095\/travel_site_407677\/","hsp":1}	911745
{"t":"Raffles City Post Office (PO Box)","a":"-, -, (S)911746","x":103.854138,"y":1.293497,"u":"https:\/\/www.streetdirectory.com\/asia_travel\/travel\/travel_id_53095\/travel_site_407678\/","hsp":1}	911746
{"t":"Raffles City Post Office (PO Box)","a":"-, -, (S)911747","x":103.854205,"y":1.293531,"u":"https:\/\/www.streetdirectory.com\/asia_travel\/travel\/travel_id_53095\/travel_site_407679\/","hsp":1}	911747
{"t":"Raffles City Post Office (PO Box)","a":"-, -, (S)911748","x":103.854121,"y":1.293581,"u":"https:\/\/www.streetdirectory.com\/asia_travel\/travel\/travel_id_53095\/travel_site_407680\/","hsp":1}	911748
{"t":"Raffles City Post Office (PO Box)","a":"-, -, (S)911749","x":103.854088,"y":1.293539,"u":"https:\/\/www.streetdirectory.com\/asia_travel\/travel\/travel_id_53095\/travel_site_407681\/","hsp":1}	911749
{"t":"Raffles City Post Office (PO Box)","a":"-, -, (S)911750","x":103.854088,"y":1.293505,"u":"https:\/\/www.streetdirectory.com\/asia_travel\/travel\/travel_id_53095\/travel_site_407682\/","hsp":1}	911750
{"t":"Raffles City Post Office (PO Box)","a":"-, -, (S)911751","x":103.85413,"y":1.293472,"u":"https:\/\/www.streetdirectory.com\/asia_travel\/travel\/travel_id_53095\/travel_site_407683\/","hsp":1}	911751
{"t":"Raffles City Post Office (PO Box)","a":"-, -, (S)911752","x":103.854109,"y":1.293547,"u":"https:\/\/www.streetdirectory.com\/asia_travel\/travel\/travel_id_53095\/travel_site_407684\/","hsp":1}	911752
{"t":"Raffles City Post Office (PO Box)","a":"-, -, (S)911753","x":103.854109,"y":1.293547,"u":"https:\/\/www.streetdirectory.com\/asia_travel\/travel\/travel_id_53095\/travel_site_407685\/","hsp":1}	911753
{"t":"Raffles City Post Office (PO Box)","a":"-, -, (S)911754","x":103.854109,"y":1.293547,"u":"https:\/\/www.streetdirectory.com\/asia_travel\/travel\/travel_id_53095\/travel_site_407686\/","hsp":1}	911754
{"t":"Raffles City Post Office (PO Box)","a":"-, -, (S)911755","x":103.854109,"y":1.293547,"u":"https:\/\/www.streetdirectory.com\/asia_travel\/travel\/travel_id_53095\/travel_site_407687\/","hsp":1}	911755
{"t":"Raffles City Post Office (PO Box)","a":"-, -, (S)911756","x":103.854109,"y":1.293547,"u":"https:\/\/www.streetdirectory.com\/asia_travel\/travel\/travel_id_53095\/travel_site_407688\/","hsp":1}	911756
{"t":"Raffles City Post Office (PO Box)","a":"-, -, (S)911757","x":103.854109,"y":1.293547,"u":"https:\/\/www.streetdirectory.com\/asia_travel\/travel\/travel_id_53095\/travel_site_407689\/","hsp":1}	911757
{"t":"Raffles City Post Office (PO Box)","a":"-, -, (S)911758","x":103.854109,"y":1.293547,"u":"https:\/\/www.streetdirectory.com\/asia_travel\/travel\/travel_id_53095\/travel_site_407690\/","hsp":1}	911758
{"t":"Raffles City Post Office (PO Box)","a":"-, -, (S)911759","x":103.854109,"y":1.293547,"u":"https:\/\/www.streetdirectory.com\/asia_travel\/travel\/travel_id_53095\/travel_site_417724\/","hsp":1}	911759
{"t":"Raffles City Post Office (PO Box)","a":"-, -, (S)911760","x":103.854109,"y":1.293547,"u":"https:\/\/www.streetdirectory.com\/asia_travel\/travel\/travel_id_53095\/travel_site_417725\/","hsp":1}	911760
{"t":"Raffles City Post Office (PO Box)","a":"-, -, (S)911761","x":103.854109,"y":1.293547,"u":"https:\/\/www.streetdirectory.com\/asia_travel\/travel\/travel_id_53095\/travel_site_407693\/","hsp":1}	911761
{"t":"Raffles City Post Office (PO Box)","a":"-, -, (S)911787","x":103.854109,"y":1.293547,"u":"https:\/\/www.streetdirectory.com\/asia_travel\/travel\/travel_id_53095\/travel_site_407694\/","hsp":1}	911787
{"t":"Raffles City Post Office (PO Box)","a":"-, -, (S)911798","x":103.894437,"y":1.318971,"u":"https:\/\/www.streetdirectory.com\/asia_travel\/travel\/travel_id_53095\/travel_site_407697\/","hsp":1}	911798
{"t":"Raffles City Post Office (PO Box)","a":"-, -, (S)911799","x":103.854109,"y":1.293547,"u":"https:\/\/www.streetdirectory.com\/asia_travel\/travel\/travel_id_53095\/travel_site_407698\/","hsp":1}	911799
{"t":"Bras Basah Post Office (PO Box)","a":"Bain Street, Bain Street, (S)911812","x":103.853849,"y":1.296318,"u":"https:\/\/www.streetdirectory.com\/asia_travel\/travel\/travel_id_28252\/travel_site_151123\/","hsp":1}	911812
{"t":"Bras Basah Post Office (PO Box)","a":"Bain Street, Bain Street, (S)911813","x":103.853849,"y":1.296309,"u":"https:\/\/www.streetdirectory.com\/asia_travel\/travel\/travel_id_28252\/travel_site_151125\/","hsp":1}	911813
{"t":"Bras Basah Post Office (PO Box)","a":"Bain Street, Bain Street, (S)911814","x":103.853865,"y":1.296284,"u":"https:\/\/www.streetdirectory.com\/asia_travel\/travel\/travel_id_28252\/travel_site_151126\/","hsp":1}	911814
{"t":"Bras Basah Post Office (PO Box)","a":"Bain Street, Bain Street, (S)911815","x":103.853857,"y":1.296359,"u":"https:\/\/www.streetdirectory.com\/asia_travel\/travel\/travel_id_28252\/travel_site_151127\/","hsp":1}	911815
{"t":"Bras Basah Post Office (PO Box)","a":"Bain Street, Bain Street, (S)911816","x":103.853857,"y":1.29641,"u":"https:\/\/www.streetdirectory.com\/asia_travel\/travel\/travel_id_28252\/travel_site_151128\/","hsp":1}	911816
{"t":"Bras Basah Post Office (PO Box)","a":"Bain Street, Bain Street, (S)911817","x":103.853907,"y":1.296401,"u":"https:\/\/www.streetdirectory.com\/asia_travel\/travel\/travel_id_28252\/travel_site_151129\/","hsp":1}	911817
{"t":"Bras Basah Post Office (PO Box)","a":"Bain Street, Bain Street, (S)911818","x":103.853915,"y":1.296393,"u":"https:\/\/www.streetdirectory.com\/asia_travel\/travel\/travel_id_28252\/travel_site_151130\/","hsp":1}	911818
{"t":"Bras Basah Post Office (PO Box)","a":"Bain Street, Bain Street, (S)911819","x":103.85394,"y":1.296376,"u":"https:\/\/www.streetdirectory.com\/asia_travel\/travel\/travel_id_28252\/travel_site_151131\/","hsp":1}	911819
{"t":"Bras Basah Post Office (PO Box)","a":"Bain Street, Bain Street, (S)911820","x":103.853965,"y":1.296385,"u":"https:\/\/www.streetdirectory.com\/asia_travel\/travel\/travel_id_28252\/travel_site_151132\/","hsp":1}	911820
{"t":"Bras Basah Post Office (PO Box)","a":"Bain Street, Bain Street, (S)911821","x":103.853991,"y":1.296385,"u":"https:\/\/www.streetdirectory.com\/asia_travel\/travel\/travel_id_28252\/travel_site_151133\/","hsp":1}	911821
{"t":"Bras Basah Post Office (PO Box)","a":"Bain Street, Bain Street, (S)911822","x":103.853974,"y":1.29641,"u":"https:\/\/www.streetdirectory.com\/asia_travel\/travel\/travel_id_28252\/travel_site_151134\/","hsp":1}	911822
{"t":"Bras Basah Post Office (PO Box)","a":"Bain Street, Bain Street, (S)911823","x":103.853982,"y":1.296376,"u":"https:\/\/www.streetdirectory.com\/asia_travel\/travel\/travel_id_28252\/travel_site_151135\/","hsp":1}	911823
{"t":"Rochor Post Office (PO Box)","a":"-, -, (S)911837","x":103.854914,"y":1.302019,"u":"https:\/\/www.streetdirectory.com\/asia_travel\/travel\/travel_id_28280\/travel_site_151082\/","hsp":1}	911837
{"t":"Rochor Post Office (PO Box)","a":"-, -, (S)911838","x":103.854914,"y":1.30201,"u":"https:\/\/www.streetdirectory.com\/asia_travel\/travel\/travel_id_28280\/travel_site_151083\/","hsp":1}	911838
{"t":"Rochor Post Office (PO Box)","a":"-, -, (S)911839","x":103.854914,"y":1.302002,"u":"https:\/\/www.streetdirectory.com\/asia_travel\/travel\/travel_id_28280\/travel_site_151086\/","hsp":1}	911839
{"t":"Bras Basah Post Office (PO Box)","a":"Bain Street, Bain Street, (S)911841","x":103.853982,"y":1.296401,"u":"https:\/\/www.streetdirectory.com\/asia_travel\/travel\/travel_id_28252\/travel_site_151136\/","hsp":1}	911841
{"t":"Bras Basah Post Office (PO Box)","a":"Bain Street, Bain Street, (S)911842","x":103.853991,"y":1.296427,"u":"https:\/\/www.streetdirectory.com\/asia_travel\/travel\/travel_id_28252\/travel_site_151137\/","hsp":1}	911842
{"t":"Bras Basah Post Office (PO Box)","a":"Bain Street, Bain Street, (S)911843","x":103.853995,"y":1.296443,"u":"https:\/\/www.streetdirectory.com\/asia_travel\/travel\/travel_id_28252\/travel_site_151157\/","hsp":1}	911843
{"t":"Bras Basah Post Office (PO Box)","a":"Bain Street, Bain Street, (S)911844","x":103.85397,"y":1.296443,"u":"https:\/\/www.streetdirectory.com\/asia_travel\/travel\/travel_id_28252\/travel_site_151158\/","hsp":1}	911844
{"t":"Bras Basah Post Office (PO Box)","a":"Bain Street, Bain Street, (S)911845","x":103.853978,"y":1.296468,"u":"https:\/\/www.streetdirectory.com\/asia_travel\/travel\/travel_id_28252\/travel_site_151159\/","hsp":1}	911845
{"t":"Bras Basah Post Office (PO Box)","a":"Bain Street, Bain Street, (S)911846","x":103.853978,"y":1.29641,"u":"https:\/\/www.streetdirectory.com\/asia_travel\/travel\/travel_id_28252\/travel_site_151160\/","hsp":1}	911846
{"t":"Bras Basah Post Office (PO Box)","a":"Bain Street, Bain Street, (S)911847","x":103.853978,"y":1.296426,"u":"https:\/\/www.streetdirectory.com\/asia_travel\/travel\/travel_id_28252\/travel_site_151161\/","hsp":1}	911847
{"t":"Bras Basah Post Office (PO Box)","a":"Bain Street, Bain Street, (S)911848","x":103.853995,"y":1.296443,"u":"https:\/\/www.streetdirectory.com\/asia_travel\/travel\/travel_id_28252\/travel_site_151162\/","hsp":1}	911848
{"t":"Bras Basah Post Office (PO Box)","a":"Bain Street, Bain Street, (S)911849","x":103.853986,"y":1.296452,"u":"https:\/\/www.streetdirectory.com\/asia_travel\/travel\/travel_id_28252\/travel_site_151163\/","hsp":1}	911849
{"t":"Bras Basah Post Office (PO Box)","a":"Bain Street, Bain Street, (S)911850","x":103.853986,"y":1.29646,"u":"https:\/\/www.streetdirectory.com\/asia_travel\/travel\/travel_id_28252\/travel_site_151164\/","hsp":1}	911850
{"t":"Bras Basah Post Office (PO Box)","a":"Bain Street, Bain Street, (S)911851","x":103.853978,"y":1.296477,"u":"https:\/\/www.streetdirectory.com\/asia_travel\/travel\/travel_id_28252\/travel_site_151165\/","hsp":1}	911851
{"t":"Bras Basah Post Office (PO Box)","a":"Bain Street, Bain Street, (S)911852","x":103.853986,"y":1.296494,"u":"https:\/\/www.streetdirectory.com\/asia_travel\/travel\/travel_id_28252\/travel_site_151166\/","hsp":1}	911852
{"t":"Bras Basah Post Office (PO Box)","a":"Bain Street, Bain Street, (S)911853","x":103.853953,"y":1.296493,"u":"https:\/\/www.streetdirectory.com\/asia_travel\/travel\/travel_id_28252\/travel_site_151167\/","hsp":1}	911853
{"t":"Bras Basah Post Office (PO Box)","a":"Bain Street, Bain Street, (S)911854","x":103.853961,"y":1.296502,"u":"https:\/\/www.streetdirectory.com\/asia_travel\/travel\/travel_id_28252\/travel_site_151168\/","hsp":1}	911854
{"t":"Bras Basah Post Office (PO Box)","a":"Bain Street, Bain Street, (S)911855","x":103.853978,"y":1.296519,"u":"https:\/\/www.streetdirectory.com\/asia_travel\/travel\/travel_id_28252\/travel_site_151169\/","hsp":1}	911855
{"t":"Bras Basah Post Office (PO Box)","a":"Bain Street, Bain Street, (S)911856","x":103.85397,"y":1.296485,"u":"https:\/\/www.streetdirectory.com\/asia_travel\/travel\/travel_id_28252\/travel_site_151170\/","hsp":1}	911856
{"t":"Bras Basah Post Office (PO Box)","a":"Bain Street, Bain Street, (S)911857","x":103.853928,"y":1.296384,"u":"https:\/\/www.streetdirectory.com\/asia_travel\/travel\/travel_id_28252\/travel_site_151171\/","hsp":1}	911857
{"t":"Bras Basah Post Office (PO Box)","a":"Bain Street, Bain Street, (S)911858","x":103.853928,"y":1.296401,"u":"https:\/\/www.streetdirectory.com\/asia_travel\/travel\/travel_id_28252\/travel_site_151172\/","hsp":1}	911858
{"t":"Bras Basah Post Office (PO Box)","a":"Bain Street, Bain Street, (S)911859","x":103.853962,"y":1.296393,"u":"https:\/\/www.streetdirectory.com\/asia_travel\/travel\/travel_id_28252\/travel_site_151173\/","hsp":1}	911859
{"t":"Rochor Post Office (PO Box)","a":"-, -, (S)911884","x":103.854914,"y":1.302019,"u":"https:\/\/www.streetdirectory.com\/asia_travel\/travel\/travel_id_28280\/travel_site_407699\/","hsp":1}	911884
{"t":"Arthur Trading","a":"#01-05 Crawford Post Office (PO Box), -,  (S)911905","x":103.863093,"y":1.303325,"u":"https:\/\/www.streetdirectory.com\/asiatravel\/singaporemap\/business\/184374\/381389\/","hsp":1}	911905
{"t":"Chong Fu Trading Co.","a":"City Square Post Office (PO Box), -,  (S)912001","x":103.856596,"y":1.311052,"u":"https:\/\/www.streetdirectory.com\/asiatravel\/singaporemap\/business\/177454\/366946\/","hsp":1}	912001
{"t":"City Square Post Office (PO Box)","a":"-, -, (S)912009","x":103.856596,"y":1.311052,"u":"https:\/\/www.streetdirectory.com\/asia_travel\/travel\/travel_id_28271\/travel_site_417726\/","hsp":1}	912009
{"t":"Cross Roads Pte Ltd","a":"Newton Post Office (PO Box), -,  (S)912299","x":103.843537,"y":1.310326,"u":"https:\/\/www.streetdirectory.com\/asiatravel\/singaporemap\/business\/155372\/325915\/","hsp":1}	912299
{"t":"Orchard Post Office (PO Box)","a":"-, -, (S)912301","x":103.831548,"y":1.304524,"u":"https:\/\/www.streetdirectory.com\/asia_travel\/travel\/travel_id_100830\/travel_site_417727\/","hsp":1}	912301
{"t":"Orchard Post Office (PO Box)","a":"-, -, (S)912302","x":103.831548,"y":1.304524,"u":"https:\/\/www.streetdirectory.com\/asia_travel\/travel\/travel_id_100830\/travel_site_417728\/","hsp":1}	912302
{"t":"Orchard Post Office (PO Box)","a":"-, -, (S)912303","x":103.831548,"y":1.304524,"u":"https:\/\/www.streetdirectory.com\/asia_travel\/travel\/travel_id_100830\/travel_site_417729\/","hsp":1}	912303
{"t":"Orchard Post Office (PO Box)","a":"-, -, (S)912304","x":103.831548,"y":1.304524,"u":"https:\/\/www.streetdirectory.com\/asia_travel\/travel\/travel_id_100830\/travel_site_417731\/","hsp":1}	912304
{"t":"Orchard Post Office (PO Box)","a":"-, -, (S)912305","x":103.831548,"y":1.304524,"u":"https:\/\/www.streetdirectory.com\/asia_travel\/travel\/travel_id_100830\/travel_site_417730\/","hsp":1}	912305
{"t":"Orchard Post Office (PO Box)","a":"-, -, (S)912306","x":103.831548,"y":1.304524,"u":"https:\/\/www.streetdirectory.com\/asia_travel\/travel\/travel_id_100830\/travel_site_417733\/","hsp":1}	912306
{"t":"Orchard Post Office (PO Box)","a":"-, -, (S)912307","x":103.831548,"y":1.304524,"u":"https:\/\/www.streetdirectory.com\/asia_travel\/travel\/travel_id_100830\/travel_site_417734\/","hsp":1}	912307
{"t":"Orchard Post Office (PO Box)","a":"-, -, (S)912308","x":103.831548,"y":1.304524,"u":"https:\/\/www.streetdirectory.com\/asia_travel\/travel\/travel_id_100830\/travel_site_417736\/","hsp":1}	912308
{"t":"Orchard Post Office (PO Box)","a":"-, -, (S)912309","x":103.831548,"y":1.304524,"u":"https:\/\/www.streetdirectory.com\/asia_travel\/travel\/travel_id_100830\/travel_site_417737\/","hsp":1}	912309
{"t":"Orchard Post Office (PO Box)","a":"-, -, (S)912310","x":103.831548,"y":1.304524,"u":"https:\/\/www.streetdirectory.com\/asia_travel\/travel\/travel_id_100830\/travel_site_417738\/","hsp":1}	912310
{"t":"Orchard Post Office (PO Box)","a":"-, -, (S)912311","x":103.831548,"y":1.304524,"u":"https:\/\/www.streetdirectory.com\/asia_travel\/travel\/travel_id_100830\/travel_site_417740\/","hsp":1}	912311
{"t":"Orchard Post Office (PO Box)","a":"-, -, (S)912312","x":103.831548,"y":1.304524,"u":"https:\/\/www.streetdirectory.com\/asia_travel\/travel\/travel_id_100830\/travel_site_417741\/","hsp":1}	912312
{"t":"Orchard Post Office (PO Box)","a":"-, -, (S)912313","x":103.831548,"y":1.304524,"u":"https:\/\/www.streetdirectory.com\/asia_travel\/travel\/travel_id_100830\/travel_site_417742\/","hsp":1}	912313
{"t":"Orchard Post Office (PO Box)","a":"-, -, (S)912314","x":103.831548,"y":1.304524,"u":"https:\/\/www.streetdirectory.com\/asia_travel\/travel\/travel_id_100830\/travel_site_417743\/","hsp":1}	912314
{"t":"Orchard Post Office (PO Box)","a":"-, -, (S)912315","x":103.831548,"y":1.304524,"u":"https:\/\/www.streetdirectory.com\/asia_travel\/travel\/travel_id_100830\/travel_site_417744\/","hsp":1}	912315
{"t":"Orchard Post Office (PO Box)","a":"-, -, (S)912316","x":103.831548,"y":1.304524,"u":"https:\/\/www.streetdirectory.com\/asia_travel\/travel\/travel_id_100830\/travel_site_403274\/","hsp":1}	912316
{"t":"Orchard Post Office (PO Box)","a":"-, -, (S)912317","x":103.831548,"y":1.304524,"u":"https:\/\/www.streetdirectory.com\/asia_travel\/travel\/travel_id_100830\/travel_site_417746\/","hsp":1}	912317
{"t":"Orchard Post Office (PO Box)","a":"-, -, (S)912318","x":103.831548,"y":1.304524,"u":"https:\/\/www.streetdirectory.com\/asia_travel\/travel\/travel_id_100830\/travel_site_417747\/","hsp":1}	912318
{"t":"Orchard Post Office (PO Box)","a":"-, -, (S)912319","x":103.831548,"y":1.304524,"u":"https:\/\/www.streetdirectory.com\/asia_travel\/travel\/travel_id_100830\/travel_site_417750\/","hsp":1}	912319
{"t":"Orchard Post Office (PO Box)","a":"-, -, (S)912320","x":103.831548,"y":1.304524,"u":"https:\/\/www.streetdirectory.com\/asia_travel\/travel\/travel_id_100830\/travel_site_403273\/","hsp":1}	912320
{"t":"Orchard Post Office (PO Box)","a":"-, -, (S)912321","x":103.831548,"y":1.304524,"u":"https:\/\/www.streetdirectory.com\/asia_travel\/travel\/travel_id_100830\/travel_site_417751\/","hsp":1}	912321
{"t":"Orchard Post Office (PO Box)","a":"Orchard Road, Orchard Road, (S)912322","x":103.835247,"y":1.302289,"u":"https:\/\/www.streetdirectory.com\/asia_travel\/travel\/travel_id_28276\/travel_site_139722\/","hsp":1}	912322
{"t":"Orchard Post Office (PO Box)","a":"-, -, (S)912323","x":103.831548,"y":1.304524,"u":"https:\/\/www.streetdirectory.com\/asia_travel\/travel\/travel_id_100830\/travel_site_417755\/","hsp":1}	912323
{"t":"Orchard Post Office (PO Box)","a":"-, -, (S)912324","x":103.831548,"y":1.304524,"u":"https:\/\/www.streetdirectory.com\/asia_travel\/travel\/travel_id_100830\/travel_site_417756\/","hsp":1}	912324
{"t":"Orchard Post Office (PO Box)","a":"-, -, (S)912325","x":103.831511,"y":1.304432,"u":"https:\/\/www.streetdirectory.com\/asia_travel\/travel\/travel_id_100830\/travel_site_417757\/","hsp":1}	912325
{"t":"Orchard Post Office (PO Box)","a":"-, -, (S)912326","x":103.831511,"y":1.304432,"u":"https:\/\/www.streetdirectory.com\/asia_travel\/travel\/travel_id_100830\/travel_site_417758\/","hsp":1}	912326
{"t":"Orchard Post Office (PO Box)","a":"-, -, (S)912327","x":103.831511,"y":1.304432,"u":"https:\/\/www.streetdirectory.com\/asia_travel\/travel\/travel_id_100830\/travel_site_417761\/","hsp":1}	912327
{"t":"Orchard Post Office (PO Box)","a":"-, -, (S)912328","x":103.831511,"y":1.304432,"u":"https:\/\/www.streetdirectory.com\/asia_travel\/travel\/travel_id_100830\/travel_site_417762\/","hsp":1}	912328
{"t":"Orchard Post Office (PO Box)","a":"-, -, (S)912329","x":103.831511,"y":1.304432,"u":"https:\/\/www.streetdirectory.com\/asia_travel\/travel\/travel_id_100830\/travel_site_417763\/","hsp":1}	912329
{"t":"Orchard Post Office (PO Box)","a":"Orchard Road, Orchard Road, (S)912330","x":103.835506,"y":1.302335,"u":"https:\/\/www.streetdirectory.com\/asia_travel\/travel\/travel_id_28276\/travel_site_151097\/","hsp":1}	912330
{"t":"Orchard Post Office (PO Box)","a":"Orchard Road, Orchard Road, (S)912331","x":103.835456,"y":1.302268,"u":"https:\/\/www.streetdirectory.com\/asia_travel\/travel\/travel_id_28276\/travel_site_151098\/","hsp":1}	912331
{"t":"Killiney Road Post Office (PO Box)","a":"Killiney Road, Killiney Road, (S)912350","x":103.840829,"y":1.300405,"u":"https:\/\/www.streetdirectory.com\/asia_travel\/travel\/travel_id_53028\/travel_site_151106\/","hsp":1}	912350
{"t":"Killiney Road Post Office (PO Box)","a":"Killiney Road, Killiney Road, (S)912351","x":103.840829,"y":1.300405,"u":"https:\/\/www.streetdirectory.com\/asia_travel\/travel\/travel_id_53028\/travel_site_151107\/","hsp":1}	912351
{"t":"Killiney Road Post Office (PO Box)","a":"Killiney Road, Killiney Road, (S)912352","x":103.840829,"y":1.300405,"u":"https:\/\/www.streetdirectory.com\/asia_travel\/travel\/travel_id_53028\/travel_site_151108\/","hsp":1}	912352
{"t":"Killiney Road Post Office (PO Box)","a":"Killiney Road, Killiney Road, (S)912353","x":103.840829,"y":1.300405,"u":"https:\/\/www.streetdirectory.com\/asia_travel\/travel\/travel_id_53028\/travel_site_151109\/","hsp":1}	912353
{"t":"Killiney Road Post Office (PO Box)","a":"Killiney Road, Killiney Road, (S)912354","x":103.840829,"y":1.300405,"u":"https:\/\/www.streetdirectory.com\/asia_travel\/travel\/travel_id_53028\/travel_site_151110\/","hsp":1}	912354
{"t":"Orchard Post Office (PO Box)","a":"-, -, (S)912386","x":103.831548,"y":1.304524,"u":"https:\/\/www.streetdirectory.com\/asia_travel\/travel\/travel_id_100830\/travel_site_417766\/","hsp":1}	912386
{"t":"Orchard Post Office (PO Box)","a":"-, -, (S)912387","x":103.831548,"y":1.304524,"u":"https:\/\/www.streetdirectory.com\/asia_travel\/travel\/travel_id_100830\/travel_site_417767\/","hsp":1}	912387
{"t":"Orchard Post Office (PO Box)","a":"-, -, (S)912398","x":103.831548,"y":1.304524,"u":"https:\/\/www.streetdirectory.com\/asia_travel\/travel\/travel_id_100830\/travel_site_417768\/","hsp":1}	912398
{"t":"Orchard Post Office (PO Box)","a":"-, -, (S)912399","x":103.831548,"y":1.304524,"u":"https:\/\/www.streetdirectory.com\/asia_travel\/travel\/travel_id_100830\/travel_site_417769\/","hsp":1}	912399
{"t":"Tanglin Post Office (PO Box)","a":"- Tanglin Road, - Tanglin Road, (S)912427","x":103.823127,"y":1.305556,"u":"https:\/\/www.streetdirectory.com\/asia_travel\/travel\/travel_id_28286\/travel_site_151045\/","hsp":1}	912427
{"t":"Tanglin Post Office (PO Box)","a":"- Tanglin Road, - Tanglin Road, (S)912428","x":103.823127,"y":1.305556,"u":"https:\/\/www.streetdirectory.com\/asia_travel\/travel\/travel_id_28286\/travel_site_151049\/","hsp":1}	912428
{"t":"Rayray Entertainment LLP","a":"PO Box 165 Ghim Moh Estate Post Office (PO Box), -,  (S)912701","x":103.788389,"y":1.310087,"u":"https:\/\/www.streetdirectory.com\/asiatravel\/singaporemap\/business\/167884\/345858\/","hsp":1}	912701
{"t":"Ghim Moh Estate Post Office (PO Box)","a":"-, -, (S)912705","x":103.788339,"y":1.310196,"u":"https:\/\/www.streetdirectory.com\/asia_travel\/travel\/travel_id_28264\/travel_site_409806\/","hsp":1}	912705
{"t":"Ghim Moh Estate Post Office (PO Box)","a":"-, -, (S)912706","x":103.788331,"y":1.310187,"u":"https:\/\/www.streetdirectory.com\/asia_travel\/travel\/travel_id_28264\/travel_site_417770\/","hsp":1}	912706
{"t":"Ghim Moh Estate Post Office (PO Box)","a":"-, -, (S)912707","x":103.788389,"y":1.310087,"u":"https:\/\/www.streetdirectory.com\/asia_travel\/travel\/travel_id_28264\/travel_site_409808\/","hsp":1}	912707
{"t":"Ghim Moh Estate Post Office (PO Box)","a":"-, -, (S)912708","x":103.788331,"y":1.310187,"u":"https:\/\/www.streetdirectory.com\/asia_travel\/travel\/travel_id_28264\/travel_site_409809\/","hsp":1}	912708
{"t":"Farrer Road Post Office (PO Box)","a":"-, -, (S)912801","x":103.810781,"y":1.319435,"u":"https:\/\/www.streetdirectory.com\/asia_travel\/travel\/travel_id_53078\/travel_site_152213\/","hsp":1}	912801
{"t":"Farrer Road Post Office (PO Box)","a":"-, -, (S)912803","x":103.810782,"y":1.31941,"u":"https:\/\/www.streetdirectory.com\/asia_travel\/travel\/travel_id_53078\/travel_site_400153\/","hsp":1}	912803
{"t":"Farrer Road Post Office (PO Box)","a":"-, -, (S)912805","x":103.810773,"y":1.319393,"u":"https:\/\/www.streetdirectory.com\/asia_travel\/travel\/travel_id_53078\/travel_site_400154\/","hsp":1}	912805
{"t":"Farrer Road Post Office (PO Box)","a":"-, -, (S)912806","x":103.810782,"y":1.319377,"u":"https:\/\/www.streetdirectory.com\/asia_travel\/travel\/travel_id_53078\/travel_site_400155\/","hsp":1}	912806
{"t":"Farrer Road Post Office (PO Box)","a":"-, -, (S)912807","x":103.810773,"y":1.319393,"u":"https:\/\/www.streetdirectory.com\/asia_travel\/travel\/travel_id_53078\/travel_site_400156\/","hsp":1}	912807
{"t":"Farrer Road Post Office (PO Box)","a":"-, -, (S)912808","x":103.810765,"y":1.319376,"u":"https:\/\/www.streetdirectory.com\/asia_travel\/travel\/travel_id_53078\/travel_site_400157\/","hsp":1}	912808
{"t":"Farrer Road Post Office (PO Box)","a":"-, -, (S)912809","x":103.810773,"y":1.31936,"u":"https:\/\/www.streetdirectory.com\/asia_travel\/travel\/travel_id_53078\/travel_site_400158\/","hsp":1}	912809
{"t":"Farrer Road Post Office (PO Box)","a":"-, -, (S)912810","x":103.810757,"y":1.319376,"u":"https:\/\/www.streetdirectory.com\/asia_travel\/travel\/travel_id_53078\/travel_site_400159\/","hsp":1}	912810
{"t":"Farrer Road Post Office (PO Box)","a":"-, -, (S)912886","x":103.810748,"y":1.319385,"u":"https:\/\/www.streetdirectory.com\/asia_travel\/travel\/travel_id_53078\/travel_site_400160\/","hsp":1}	912886
{"t":"Farrer Road Post Office (PO Box)","a":"-, -, (S)912898","x":103.810773,"y":1.319427,"u":"https:\/\/www.streetdirectory.com\/asia_travel\/travel\/travel_id_53078\/travel_site_400162\/","hsp":1}	912898
{"t":"Farrer Road Post Office (PO Box)","a":"-, -, (S)912899","x":103.81074,"y":1.319376,"u":"https:\/\/www.streetdirectory.com\/asia_travel\/travel\/travel_id_53078\/travel_site_400161\/","hsp":1}	912899
{"t":"Novena Post Office (PO Box)","a":"Newton Road, Newton Road, (S)913016","x":103.842126,"y":1.319167,"u":"https:\/\/www.streetdirectory.com\/asia_travel\/travel\/travel_id_53027\/travel_site_151099\/","hsp":1}	913016
{"t":"Novena Post Office (PO Box)","a":"Newton Road, Newton Road, (S)913017","x":103.842126,"y":1.319167,"u":"https:\/\/www.streetdirectory.com\/asia_travel\/travel\/travel_id_53027\/travel_site_151100\/","hsp":1}	913017
{"t":"Novena Post Office (PO Box)","a":"Newton Road, Newton Road, (S)913018","x":103.842126,"y":1.319167,"u":"https:\/\/www.streetdirectory.com\/asia_travel\/travel\/travel_id_53027\/travel_site_151102\/","hsp":1}	913018
{"t":"Novena Post Office (PO Box)","a":"Newton Road, Newton Road, (S)913019","x":103.842126,"y":1.319167,"u":"https:\/\/www.streetdirectory.com\/asia_travel\/travel\/travel_id_53027\/travel_site_151103\/","hsp":1}	913019
{"t":"EZZE MIIM RESOURCE MANAGEMENT","a":"PO BOX 387 Toa Payoh Central Post Office (PO Box), -,  (S)913101","x":103.847338,"y":1.332857,"u":"https:\/\/www.streetdirectory.com\/asiatravel\/singaporemap\/business\/178166\/367997\/","hsp":1}	913101
{"t":"Toa Payoh North Post Office (PO Box)","a":"-, -, (S)913137","x":103.849002,"y":1.342055,"u":"https:\/\/www.streetdirectory.com\/asia_travel\/travel\/travel_id_28293\/travel_site_151033\/","hsp":1}	913137
{"t":"Toa Payoh North Post Office (PO Box)","a":"-, -, (S)913138","x":103.849002,"y":1.342055,"u":"https:\/\/www.streetdirectory.com\/asia_travel\/travel\/travel_id_28293\/travel_site_151035\/","hsp":1}	913138
{"t":"Toa Payoh North Post Office (PO Box)","a":"-, -, (S)913139","x":103.849002,"y":1.342055,"u":"https:\/\/www.streetdirectory.com\/asia_travel\/travel\/travel_id_28293\/travel_site_151036\/","hsp":1}	913139
{"t":"Toa Payoh North Post Office (PO Box)","a":"-, -, (S)913140","x":103.849002,"y":1.342055,"u":"https:\/\/www.streetdirectory.com\/asia_travel\/travel\/travel_id_28293\/travel_site_151037\/","hsp":1}	913140
{"t":"Toa Payoh North Post Office (PO Box)","a":"-, -, (S)913185","x":103.849002,"y":1.342055,"u":"https:\/\/www.streetdirectory.com\/asia_travel\/travel\/travel_id_28293\/travel_site_414796\/","hsp":1}	913185
{"t":"POPStation@SAFRA Toa Payoh","a":"-, -, (S)913190","x":103.85433,"y":1.330004,"u":"https:\/\/www.streetdirectory.com\/asia_travel\/travel\/travel_id_111580\/travel_site_421304\/","hsp":1}	913190
{"t":"POPStation@Toa Payoh South CC","a":"1999 Lorong 8 Toa Payoh, 1999 Lorong 8 Toa Payoh, (S)913191","x":103.859454,"y":1.33497,"u":"https:\/\/www.streetdirectory.com\/asia_travel\/travel\/travel_id_111581\/travel_site_421305\/","hsp":1}	913191
{"t":"Bukit Timah Post Office (PO Box)","a":"Toh Yi Drive, Toh Yi Drive, (S)913201","x":103.771622,"y":1.340464,"u":"https:\/\/www.streetdirectory.com\/asia_travel\/travel\/travel_id_53000\/travel_site_417780\/","hsp":1}	913201
{"t":"Bukit Timah Post Office (PO Box)","a":"Toh Yi Drive, Toh Yi Drive, (S)913202","x":103.771622,"y":1.340464,"u":"https:\/\/www.streetdirectory.com\/asia_travel\/travel\/travel_id_53000\/travel_site_417781\/","hsp":1}	913202
{"t":"Bukit Timah Post Office (PO Box)","a":"Toh Yi Drive, Toh Yi Drive, (S)913203","x":103.771622,"y":1.340464,"u":"https:\/\/www.streetdirectory.com\/asia_travel\/travel\/travel_id_53000\/travel_site_417782\/","hsp":1}	913203
{"t":"Whampoa Post Office (PO Box)","a":"Whampoa Drive, Whampoa Drive, (S)913251","x":103.857075,"y":1.324773,"u":"https:\/\/www.streetdirectory.com\/asia_travel\/travel\/travel_id_107964\/travel_site_418247\/","hsp":1}	913251
{"t":"Whampoa Post Office (PO Box)","a":"Whampoa Drive, Whampoa Drive, (S)913252","x":103.857075,"y":1.324773,"u":"https:\/\/www.streetdirectory.com\/asia_travel\/travel\/travel_id_107964\/travel_site_418248\/","hsp":1}	913252
{"t":"Towner Post Office (PO Box)","a":"-, -, (S)913284","x":103.861121,"y":1.319476,"u":"https:\/\/www.streetdirectory.com\/asia_travel\/travel\/travel_id_28294\/travel_site_417778\/","hsp":1}	913284
{"t":"Bukit Timah Post Office (PO Box)","a":"Toh Yi Drive, Toh Yi Drive, (S)913286","x":103.771622,"y":1.340464,"u":"https:\/\/www.streetdirectory.com\/asia_travel\/travel\/travel_id_53000\/travel_site_417783\/","hsp":1}	913286
{"t":"Macpherson Road Post Office (PO Box)","a":"-, -, (S)913414","x":103.871374,"y":1.328357,"u":"https:\/\/www.streetdirectory.com\/asia_travel\/travel\/travel_id_28273\/travel_site_139856\/","hsp":1}	913414
{"t":"Geylang Post Office (PO Box)","a":"-, -, (S)913807","x":103.882299,"y":1.313381,"u":"https:\/\/www.streetdirectory.com\/asia_travel\/travel\/travel_id_28263\/travel_site_151120\/","hsp":1}	913807
{"t":"Singapore Post Centre (Po Box)","a":"-, -, (S)914014","x":103.894295,"y":1.318971,"u":"https:\/\/www.streetdirectory.com\/asia_travel\/travel\/travel_id_112787\/travel_site_139884\/","hsp":1}	914014
{"t":"Lim Ah Pin Road Post Office (PO Box)","a":"-, -, (S)914201","x":103.88779,"y":1.363274,"u":"https:\/\/www.streetdirectory.com\/asia_travel\/travel\/travel_id_28272\/travel_site_152221\/","hsp":1}	914201
{"t":"Marine Parade, WKN Enterprises (PO Box)","a":"-, -, (S)914202","x":103.899099,"y":1.315708,"u":"https:\/\/www.streetdirectory.com\/asia_travel\/travel\/travel_id_107593\/travel_site_417789\/","hsp":1}	914202
{"t":"Enchant3","a":"533 Marine Parade Post Office (PO Box), - Marine Parade Central,  (S)914401","x":103.906974,"y":1.301801,"u":"https:\/\/www.streetdirectory.com\/asiatravel\/singaporemap\/business\/173199\/358678\/","hsp":1}	914401
{"t":"Marine Parade Post Office (PO Box)","a":"- Marine Parade Central, - Marine Parade Central, (S)914411","x":103.906974,"y":1.301801,"u":"https:\/\/www.streetdirectory.com\/asia_travel\/travel\/travel_id_28274\/travel_site_419872\/","hsp":1}	914411
{"t":"Bedok Central Post Office (PO Box)","a":"Bedok North Steet 1, Bedok North Steet 1, (S)914686","x":103.933694,"y":1.327374,"u":"https:\/\/www.streetdirectory.com\/asia_travel\/travel\/travel_id_28251\/travel_site_407706\/","hsp":1}	914686
{"t":"POPStation@Plaza 8","a":"-, -, (S)914890","x":103.965948,"y":1.333041,"u":"https:\/\/www.streetdirectory.com\/asia_travel\/travel\/travel_id_111597\/travel_site_421321\/","hsp":1}	914890
{"t":"POPStation@Pasir Ris PO","a":"-, -, (S)915192","x":103.950008,"y":1.372448,"u":"https:\/\/www.streetdirectory.com\/asia_travel\/travel\/travel_id_111599\/travel_site_421323\/","hsp":1}	915192
{"t":"POPStation@Tampines Junction","a":"-, -, (S)915295","x":103.941908,"y":1.35214,"u":"https:\/\/www.streetdirectory.com\/asia_travel\/travel\/travel_id_111603\/travel_site_421327\/","hsp":1}	915295
{"t":"POPStation@Shell Tampines","a":"-, -, (S)915297","x":103.947687,"y":1.349207,"u":"https:\/\/www.streetdirectory.com\/asia_travel\/travel\/travel_id_111605\/travel_site_421329\/","hsp":1}	915297
{"t":"POPStation@SingPost Log Hub","a":"-, -, (S)915395","x":103.908953,"y":1.36772,"u":"https:\/\/www.streetdirectory.com\/asia_travel\/travel\/travel_id_111610\/travel_site_421334\/","hsp":1}	915395
{"t":"Sengkang Central Post Office (PO Box)","a":"Sengkang Square, Sengkang Square, (S)915406","x":103.894043,"y":1.392681,"u":"https:\/\/www.streetdirectory.com\/asia_travel\/travel\/travel_id_53025\/travel_site_151066\/","hsp":1}	915406
{"t":"Sengkang Central Post Office (PO Box)","a":"Sengkang Square, Sengkang Square, (S)915407","x":103.894039,"y":1.392688,"u":"https:\/\/www.streetdirectory.com\/asia_travel\/travel\/travel_id_53025\/travel_site_151067\/","hsp":1}	915407
{"t":"Sengkang Central Post Office (PO Box)","a":"Sengkang Square, Sengkang Square, (S)915408","x":103.894033,"y":1.392692,"u":"https:\/\/www.streetdirectory.com\/asia_travel\/travel\/travel_id_53025\/travel_site_151068\/","hsp":1}	915408
{"t":"Sengkang Central Post Office (PO Box)","a":"Sengkang Square, Sengkang Square, (S)915409","x":103.893951,"y":1.392583,"u":"https:\/\/www.streetdirectory.com\/asia_travel\/travel\/travel_id_53025\/travel_site_151069\/","hsp":1}	915409
{"t":"Sengkang Central Post Office (PO Box)","a":"Sengkang Square, Sengkang Square, (S)915410","x":103.893918,"y":1.392616,"u":"https:\/\/www.streetdirectory.com\/asia_travel\/travel\/travel_id_53025\/travel_site_151070\/","hsp":1}	915410
{"t":"Sengkang Central Post Office (PO Box)","a":"Sengkang Square, Sengkang Square, (S)915411","x":103.893901,"y":1.392616,"u":"https:\/\/www.streetdirectory.com\/asia_travel\/travel\/travel_id_53025\/travel_site_151071\/","hsp":1}	915411
{"t":"Sengkang Central Post Office (PO Box)","a":"Sengkang Square, Sengkang Square, (S)915412","x":103.893884,"y":1.392641,"u":"https:\/\/www.streetdirectory.com\/asia_travel\/travel\/travel_id_53025\/travel_site_151073\/","hsp":1}	915412
{"t":"Sengkang Central Post Office (PO Box)","a":"Sengkang Square, Sengkang Square, (S)915413","x":103.893884,"y":1.392591,"u":"https:\/\/www.streetdirectory.com\/asia_travel\/travel\/travel_id_53025\/travel_site_151074\/","hsp":1}	915413
{"t":"Sengkang Central Post Office (PO Box)","a":"Sengkang Square, Sengkang Square, (S)915414","x":103.893918,"y":1.392566,"u":"https:\/\/www.streetdirectory.com\/asia_travel\/travel\/travel_id_53025\/travel_site_151076\/","hsp":1}	915414
{"t":"Sengkang Central Post Office (PO Box)","a":"Sengkang Square, Sengkang Square, (S)915415","x":103.893926,"y":1.392549,"u":"https:\/\/www.streetdirectory.com\/asia_travel\/travel\/travel_id_53025\/travel_site_151077\/","hsp":1}	915415
{"t":"Sengkang Central Post Office (PO Box)","a":"Sengkang Square, Sengkang Square, (S)915416","x":103.893951,"y":1.392549,"u":"https:\/\/www.streetdirectory.com\/asia_travel\/travel\/travel_id_53025\/travel_site_151079\/","hsp":1}	915416
{"t":"Sengkang Central Post Office (PO Box)","a":"Sengkang Square, Sengkang Square, (S)915417","x":103.893968,"y":1.392558,"u":"https:\/\/www.streetdirectory.com\/asia_travel\/travel\/travel_id_53025\/travel_site_151080\/","hsp":1}	915417
{"t":"Sengkang Central Post Office (PO Box)","a":"Sengkang Square, Sengkang Square, (S)915418","x":103.893993,"y":1.392549,"u":"https:\/\/www.streetdirectory.com\/asia_travel\/travel\/travel_id_53025\/travel_site_151081\/","hsp":1}	915418
{"t":"Lim Ah Pin Road Post Office (PO Box)","a":"Upper Serangoon Road, Upper Serangoon Road, (S)915421","x":103.88779,"y":1.363274,"u":"https:\/\/www.streetdirectory.com\/asia_travel\/travel\/travel_id_28272\/travel_site_150995\/","hsp":1}	915421
{"t":"Lim Ah Pin Road Post Office (PO Box)","a":"Upper Serangoon Road, Upper Serangoon Road, (S)915422","x":103.88779,"y":1.363274,"u":"https:\/\/www.streetdirectory.com\/asia_travel\/travel\/travel_id_28272\/travel_site_150997\/","hsp":1}	915422
{"t":"Lim Ah Pin Road Post Office (PO Box)","a":"Upper Serangoon Road, Upper Serangoon Road, (S)915423","x":103.88779,"y":1.363274,"u":"https:\/\/www.streetdirectory.com\/asia_travel\/travel\/travel_id_28272\/travel_site_150999\/","hsp":1}	915423
{"t":"Lim Ah Pin Road Post Office (PO Box)","a":"Upper Serangoon Road, Upper Serangoon Road, (S)915424","x":103.88779,"y":1.363274,"u":"https:\/\/www.streetdirectory.com\/asia_travel\/travel\/travel_id_28272\/travel_site_151000\/","hsp":1}	915424
{"t":"Lim Ah Pin Road Post Office (PO Box)","a":"Upper Serangoon Road, Upper Serangoon Road, (S)915425","x":103.88779,"y":1.363274,"u":"https:\/\/www.streetdirectory.com\/asia_travel\/travel\/travel_id_28272\/travel_site_151002\/","hsp":1}	915425
{"t":"Lim Ah Pin Road Post Office (PO Box)","a":"Upper Serangoon Road, Upper Serangoon Road, (S)915426","x":103.88779,"y":1.363274,"u":"https:\/\/www.streetdirectory.com\/asia_travel\/travel\/travel_id_28272\/travel_site_151003\/","hsp":1}	915426
{"t":"Lim Ah Pin Road Post Office (PO Box)","a":"Upper Serangoon Road, Upper Serangoon Road, (S)915427","x":103.88779,"y":1.363274,"u":"https:\/\/www.streetdirectory.com\/asia_travel\/travel\/travel_id_28272\/travel_site_151006\/","hsp":1}	915427
{"t":"Lim Ah Pin Road Post Office (PO Box)","a":"Upper Serangoon Road, Upper Serangoon Road, (S)915428","x":103.88779,"y":1.363274,"u":"https:\/\/www.streetdirectory.com\/asia_travel\/travel\/travel_id_28272\/travel_site_151007\/","hsp":1}	915428
{"t":"Lim Ah Pin Road Post Office (PO Box)","a":"Upper Serangoon Road, Upper Serangoon Road, (S)915429","x":103.88779,"y":1.363274,"u":"https:\/\/www.streetdirectory.com\/asia_travel\/travel\/travel_id_28272\/travel_site_151008\/","hsp":1}	915429
{"t":"Lim Ah Pin Road Post Office (PO Box)","a":"Upper Serangoon Road, Upper Serangoon Road, (S)915430","x":103.88779,"y":1.363274,"u":"https:\/\/www.streetdirectory.com\/asia_travel\/travel\/travel_id_28272\/travel_site_151009\/","hsp":1}	915430
{"t":"Lim Ah Pin Road Post Office (PO Box)","a":"Upper Serangoon Road, Upper Serangoon Road, (S)915431","x":103.88779,"y":1.363274,"u":"https:\/\/www.streetdirectory.com\/asia_travel\/travel\/travel_id_28272\/travel_site_151010\/","hsp":1}	915431
{"t":"Lim Ah Pin Road Post Office (PO Box)","a":"Upper Serangoon Road, Upper Serangoon Road, (S)915432","x":103.88779,"y":1.363274,"u":"https:\/\/www.streetdirectory.com\/asia_travel\/travel\/travel_id_28272\/travel_site_151011\/","hsp":1}	915432
{"t":"Lim Ah Pin Road Post Office (PO Box)","a":"Upper Serangoon Road, Upper Serangoon Road, (S)915433","x":103.88779,"y":1.363274,"u":"https:\/\/www.streetdirectory.com\/asia_travel\/travel\/travel_id_28272\/travel_site_151012\/","hsp":1}	915433
{"t":"Lim Ah Pin Road Post Office (PO Box)","a":"Upper Serangoon Road, Upper Serangoon Road, (S)915434","x":103.88779,"y":1.363274,"u":"https:\/\/www.streetdirectory.com\/asia_travel\/travel\/travel_id_28272\/travel_site_151013\/","hsp":1}	915434
{"t":"Lim Ah Pin Road Post Office (PO Box)","a":"Upper Serangoon Road, Upper Serangoon Road, (S)915484","x":103.88779,"y":1.363274,"u":"https:\/\/www.streetdirectory.com\/asia_travel\/travel\/travel_id_28272\/travel_site_417784\/","hsp":1}	915484
{"t":"POPStation@Sengkang PO","a":"-, -, (S)915494","x":103.894149,"y":1.392756,"u":"https:\/\/www.streetdirectory.com\/asia_travel\/travel\/travel_id_111611\/travel_site_421335\/","hsp":1}	915494
{"t":"POPStation@Rivervale Plaza","a":"-, -, (S)915495","x":103.901824,"y":1.385279,"u":"https:\/\/www.streetdirectory.com\/asia_travel\/travel\/travel_id_111612\/travel_site_421336\/","hsp":1}	915495
{"t":"Lim Ah Pin Road Post Office (PO Box)","a":"Upper Serangoon Road, Upper Serangoon Road, (S)915496","x":103.88779,"y":1.363274,"u":"https:\/\/www.streetdirectory.com\/asia_travel\/travel\/travel_id_28272\/travel_site_417786\/","hsp":1}	915496
{"t":"Lim Ah Pin Road Post Office (PO Box)","a":"Upper Serangoon Road, Upper Serangoon Road, (S)915497","x":103.88779,"y":1.363274,"u":"https:\/\/www.streetdirectory.com\/asia_travel\/travel\/travel_id_28272\/travel_site_151015\/","hsp":1}	915497
{"t":"Archi-terio Design Pte Ltd","a":"Serangoon Central Post Office (PO Box), -,  (S)915501","x":103.872402,"y":1.353878,"u":"https:\/\/www.streetdirectory.com\/asiatravel\/singaporemap\/business\/120373\/42385\/","hsp":1}	915501
{"t":"POPStation@Serangoon Central PO","a":"-, -, (S)915591","x":103.872406,"y":1.353868,"u":"https:\/\/www.streetdirectory.com\/asia_travel\/travel\/travel_id_111613\/travel_site_421337\/","hsp":1}	915591
{"t":"Ang Mo Kio Central Post Office (PO Box)","a":"-, -, (S)915686","x":103.846012,"y":1.37302,"u":"https:\/\/www.streetdirectory.com\/asia_travel\/travel\/travel_id_28248\/travel_site_417777\/","hsp":1}	915686
{"t":"Bukit Timah Post Office (PO Box)","a":"Toh Yi Drive, Toh Yi Drive, (S)915801","x":103.771622,"y":1.340464,"u":"https:\/\/www.streetdirectory.com\/asia_travel\/travel\/travel_id_53000\/travel_site_150590\/","hsp":1}	915801
{"t":"Bukit Timah Post Office (PO Box)","a":"Toh Yi Drive, Toh Yi Drive, (S)915802","x":103.771622,"y":1.340464,"u":"https:\/\/www.streetdirectory.com\/asia_travel\/travel\/travel_id_53000\/travel_site_150591\/","hsp":1}	915802
{"t":"Bukit Timah Post Office (PO Box)","a":"Toh Yi Drive, Toh Yi Drive, (S)915803","x":103.771622,"y":1.340464,"u":"https:\/\/www.streetdirectory.com\/asia_travel\/travel\/travel_id_53000\/travel_site_150592\/","hsp":1}	915803
{"t":"Bukit Timah Post Office (PO Box)","a":"Toh Yi Drive, Toh Yi Drive, (S)915804","x":103.771622,"y":1.340464,"u":"https:\/\/www.streetdirectory.com\/asia_travel\/travel\/travel_id_53000\/travel_site_150593\/","hsp":1}	915804
{"t":"Bukit Timah Post Office (PO Box)","a":"Toh Yi Drive, Toh Yi Drive, (S)915805","x":103.771622,"y":1.340464,"u":"https:\/\/www.streetdirectory.com\/asia_travel\/travel\/travel_id_53000\/travel_site_150594\/","hsp":1}	915805
{"t":"Bukit Timah Post Office (PO Box)","a":"Toh Yi Drive, Toh Yi Drive, (S)915806","x":103.771622,"y":1.340464,"u":"https:\/\/www.streetdirectory.com\/asia_travel\/travel\/travel_id_53000\/travel_site_150595\/","hsp":1}	915806
{"t":"Bukit Timah Post Office (PO Box)","a":"Toh Yi Drive, Toh Yi Drive, (S)915807","x":103.771622,"y":1.340464,"u":"https:\/\/www.streetdirectory.com\/asia_travel\/travel\/travel_id_53000\/travel_site_150596\/","hsp":1}	915807
{"t":"Bukit Timah Post Office (PO Box)","a":"Toh Yi Drive, Toh Yi Drive, (S)915808","x":103.771622,"y":1.340464,"u":"https:\/\/www.streetdirectory.com\/asia_travel\/travel\/travel_id_53000\/travel_site_150597\/","hsp":1}	915808
{"t":"Bukit Timah Post Office (PO Box)","a":"Toh Yi Drive, Toh Yi Drive, (S)915809","x":103.771622,"y":1.340464,"u":"https:\/\/www.streetdirectory.com\/asia_travel\/travel\/travel_id_53000\/travel_site_150598\/","hsp":1}	915809
{"t":"Bukit Timah Post Office (PO Box)","a":"Toh Yi Drive, Toh Yi Drive, (S)915810","x":103.771622,"y":1.340464,"u":"https:\/\/www.streetdirectory.com\/asia_travel\/travel\/travel_id_53000\/travel_site_150599\/","hsp":1}	915810
{"t":"Bukit Timah Post Office (PO Box)","a":"Toh Yi Drive, Toh Yi Drive, (S)915811","x":103.771622,"y":1.340464,"u":"https:\/\/www.streetdirectory.com\/asia_travel\/travel\/travel_id_53000\/travel_site_150600\/","hsp":1}	915811
{"t":"Bukit Timah Post Office (PO Box)","a":"Toh Yi Drive, Toh Yi Drive, (S)915886","x":103.771622,"y":1.340464,"u":"https:\/\/www.streetdirectory.com\/asia_travel\/travel\/travel_id_53000\/travel_site_150601\/","hsp":1}	915886
{"t":"Bukit Timah Post Office (PO Box)","a":"Toh Yi Drive, Toh Yi Drive, (S)915898","x":103.771622,"y":1.340464,"u":"https:\/\/www.streetdirectory.com\/asia_travel\/travel\/travel_id_53000\/travel_site_150603\/","hsp":1}	915898
{"t":"Bukit Timah Post Office (PO Box)","a":"Toh Yi Drive, Toh Yi Drive, (S)915899","x":103.771622,"y":1.340464,"u":"https:\/\/www.streetdirectory.com\/asia_travel\/travel\/travel_id_53000\/travel_site_150604\/","hsp":1}	915899
{"t":"Teban Garden Post Office (PO Box)","a":"-, -, (S)916004","x":103.742979,"y":1.321011,"u":"https:\/\/www.streetdirectory.com\/asia_travel\/travel\/travel_id_28288\/travel_site_421159\/","hsp":1}	916004
{"t":"Teban Garden Post Office (PO Box)","a":"-, -, (S)916005","x":103.742979,"y":1.321011,"u":"https:\/\/www.streetdirectory.com\/asia_travel\/travel\/travel_id_28288\/travel_site_421160\/","hsp":1}	916005
{"t":"-","a":"-, -, (S)916010","x":103.747686,"y":1.335148,"u":"https:\/\/www.streetdirectory.com\/asia_travel\/travel\/travel_id_1\/travel_site_152216\/","hsp":1}	916010
{"t":"-","a":"-, -, (S)916011","x":103.747686,"y":1.335148,"u":"https:\/\/www.streetdirectory.com\/asia_travel\/travel\/travel_id_1\/travel_site_152391\/","hsp":1}	916011
{"t":"-","a":"-, -, (S)916012","x":103.747686,"y":1.335148,"u":"https:\/\/www.streetdirectory.com\/asia_travel\/travel\/travel_id_1\/travel_site_152392\/","hsp":1}	916012
{"t":"-","a":"-, -, (S)916013","x":103.747686,"y":1.335148,"u":"https:\/\/www.streetdirectory.com\/asia_travel\/travel\/travel_id_1\/travel_site_152393\/","hsp":1}	916013
{"t":"POPStation@Taman Jurong SC","a":"-, -, (S)916190","x":103.720414,"y":1.33524,"u":"https:\/\/www.streetdirectory.com\/asia_travel\/travel\/travel_id_111625\/travel_site_421349\/","hsp":1}	916190
{"t":"Jurong West Post Office (PO Box)","a":"-, -, (S)916431","x":103.724413,"y":1.350111,"u":"https:\/\/www.streetdirectory.com\/asia_travel\/travel\/travel_id_28268\/travel_site_140116\/","hsp":1}	916431
{"t":"Jurong Point Post Office (PO Box)","a":"Jurong West Central 2, Jurong West Central 2, (S)916498","x":103.706744,"y":1.339501,"u":"https:\/\/www.streetdirectory.com\/asia_travel\/travel\/travel_id_28267\/travel_site_151113\/","hsp":1}	916498
{"t":"POPStation@Sunshine Place","a":"-, -, (S)916894","x":103.73864,"y":1.377906,"u":"https:\/\/www.streetdirectory.com\/asia_travel\/travel\/travel_id_111636\/travel_site_421361\/","hsp":1}	916894
{"t":"Sun Plaza Post Office (PO Box)","a":"Sembawang Drive, Sembawang Drive, (S)917501","x":103.819461,"y":1.448326,"u":"https:\/\/www.streetdirectory.com\/asia_travel\/travel\/travel_id_53038\/travel_site_151187\/","hsp":1}	917501
{"t":"Sun Plaza Post Office (PO Box)","a":"Sembawang Drive, Sembawang Drive, (S)917502","x":103.819461,"y":1.448326,"u":"https:\/\/www.streetdirectory.com\/asia_travel\/travel\/travel_id_53038\/travel_site_151188\/","hsp":1}	917502
{"t":"POPStation@Sun Plaza","a":"-, -, (S)917591","x":103.819137,"y":1.448138,"u":"https:\/\/www.streetdirectory.com\/asia_travel\/travel\/travel_id_111646\/travel_site_421371\/","hsp":1}	917591
{"t":"Yishun Central Post Office (PO Box)","a":"- Yishun Central Service Road, - Yishun Central Service Road, (S)917616","x":103.836292,"y":1.430032,"u":"https:\/\/www.streetdirectory.com\/asia_travel\/travel\/travel_id_28296\/travel_site_423091\/","hsp":1}	917616
{"t":"Yishun Central Post Office (PO Box)","a":"- Yishun Central Service Road, - Yishun Central Service Road, (S)917617","x":103.836292,"y":1.430032,"u":"https:\/\/www.streetdirectory.com\/asia_travel\/travel\/travel_id_28296\/travel_site_423092\/","hsp":1}	917617
{"t":"Jalan Kayu Post Office (PO Box)","a":"-, -, (S)918001","x":103.870862,"y":1.387464,"u":"https:\/\/www.streetdirectory.com\/asia_travel\/travel\/travel_id_28266\/travel_site_417771\/","hsp":1}	918001
{"t":"Jalan Kayu Post Office (PO Box)","a":"-, -, (S)918003","x":103.870862,"y":1.387464,"u":"https:\/\/www.streetdirectory.com\/asia_travel\/travel\/travel_id_28266\/travel_site_417772\/","hsp":1}	918003
{"t":"Jalan Kayu Post Office (PO Box)","a":"-, -, (S)918004","x":103.870862,"y":1.387464,"u":"https:\/\/www.streetdirectory.com\/asia_travel\/travel\/travel_id_28266\/travel_site_417773\/","hsp":1}	918004
{"t":"Jalan Kayu Post Office (PO Box)","a":"-, -, (S)918005","x":103.870862,"y":1.387464,"u":"https:\/\/www.streetdirectory.com\/asia_travel\/travel\/travel_id_28266\/travel_site_417774\/","hsp":1}	918005
{"t":"Jalan Kayu Post Office (PO Box)","a":"-, -, (S)918086","x":103.870862,"y":1.387464,"u":"https:\/\/www.streetdirectory.com\/asia_travel\/travel\/travel_id_28266\/travel_site_417775\/","hsp":1}	918086
{"t":"Jalan Kayu Post Office (PO Box)","a":"-, -, (S)918087","x":103.870862,"y":1.387464,"u":"https:\/\/www.streetdirectory.com\/asia_travel\/travel\/travel_id_28266\/travel_site_417776\/","hsp":1}	918087
{"t":"Airmail Transit Centre Post Office","a":"-, -, (S)918101","x":103.897319,"y":1.393156,"u":"https:\/\/www.streetdirectory.com\/asia_travel\/travel\/travel_id_53066\/travel_site_152200\/","hsp":1}	918101
{"t":"Airport Cargo Road (PO Box)","a":"-, -, (S)918102","x":103.994638,"y":1.369819,"u":"https:\/\/www.streetdirectory.com\/asia_travel\/travel\/travel_id_28246\/travel_site_140219\/","hsp":1}	918102
{"t":"AVA Changi Animal and Plant Quarantine Centre","a":"Airport Cargo Road, Airport Cargo Road, (S)918104","x":103.996739,"y":1.37527,"u":"https:\/\/www.streetdirectory.com\/asia_travel\/travel\/travel_id_45722\/travel_site_140221\/","hsp":1}	918104
{"t":"Airport Cargo Road (PO Box)","a":"-, -, (S)918105","x":103.994647,"y":1.369819,"u":"https:\/\/www.streetdirectory.com\/asia_travel\/travel\/travel_id_28246\/travel_site_140222\/","hsp":1}	918105
{"t":"Airtrans Express International (S) Pte Ltd","a":"#08-15 Airport Cargo Road (PO Box), -,  (S)918106","x":103.994655,"y":1.369844,"u":"https:\/\/www.streetdirectory.com\/asiatravel\/singaporemap\/business\/183586\/380601\/","hsp":1}	918106
{"t":"Airport Cargo Road (PO Box)","a":"-, -, (S)918107","x":103.994638,"y":1.369836,"u":"https:\/\/www.streetdirectory.com\/asia_travel\/travel\/travel_id_28246\/travel_site_140224\/","hsp":1}	918107
{"t":"Changi Airport Post Office (PO Box)","x":103.989304,"y":1.353763,"u":"https:\/\/www.streetdirectory.com\/asia_travel\/travel\/travel_id_28257\/travel_site_1\/","hsp":1}	918141
{"t":"Changi Airport Post Office (PO Box)","x":103.989304,"y":1.353763,"u":"https:\/\/www.streetdirectory.com\/asia_travel\/travel\/travel_id_28257\/travel_site_1\/","hsp":1}	918142
{"t":"Changi Airport Post Office (PO Box)","x":103.989304,"y":1.353754,"u":"https:\/\/www.streetdirectory.com\/asia_travel\/travel\/travel_id_28257\/travel_site_1\/","hsp":1}	918143
{"t":"Changi Airport Post Office (PO Box)","x":103.989304,"y":1.353746,"u":"https:\/\/www.streetdirectory.com\/asia_travel\/travel\/travel_id_28257\/travel_site_1\/","hsp":1}	918144
{"t":"Changi Airport Post Office (PO Box)","x":103.989295,"y":1.353754,"u":"https:\/\/www.streetdirectory.com\/asia_travel\/travel\/travel_id_28257\/travel_site_1\/","hsp":1}	918145
{"t":"Changi Airport Post Office (PO Box)","x":103.989304,"y":1.353746,"u":"https:\/\/www.streetdirectory.com\/asia_travel\/travel\/travel_id_28257\/travel_site_1\/","hsp":1}	918146
{"t":"Changi Airport Post Office (PO Box)","x":103.989295,"y":1.353737,"u":"https:\/\/www.streetdirectory.com\/asia_travel\/travel\/travel_id_28257\/travel_site_1\/","hsp":1}	918147
{"t":"Changi Airport Post Office (PO Box)","x":103.989295,"y":1.353746,"u":"https:\/\/www.streetdirectory.com\/asia_travel\/travel\/travel_id_28257\/travel_site_1\/","hsp":1}	918148
{"t":"Changi Airport Post Office (PO Box)","x":103.989295,"y":1.353746,"u":"https:\/\/www.streetdirectory.com\/asia_travel\/travel\/travel_id_28257\/travel_site_1\/","hsp":1}	918149
{"t":"Changi Airport Post Office (PO Box)","x":103.989295,"y":1.353737,"u":"https:\/\/www.streetdirectory.com\/asia_travel\/travel\/travel_id_28257\/travel_site_1\/","hsp":1}	918150
{"t":"Changi Airport Post Office (PO Box)","x":103.989295,"y":1.353746,"u":"https:\/\/www.streetdirectory.com\/asia_travel\/travel\/travel_id_28257\/travel_site_1\/","hsp":1}	918151
{"t":"Changi Airport Post Office (PO Box)","x":103.989287,"y":1.353737,"u":"https:\/\/www.streetdirectory.com\/asia_travel\/travel\/travel_id_28257\/travel_site_1\/","hsp":1}	918152
{"t":"Changi Airport Post Office (PO Box)","x":103.989295,"y":1.353746,"u":"https:\/\/www.streetdirectory.com\/asia_travel\/travel\/travel_id_28257\/travel_site_1\/","hsp":1}	918153
{"t":"Changi Airport Post Office (PO Box)","x":103.989295,"y":1.353746,"u":"https:\/\/www.streetdirectory.com\/asia_travel\/travel\/travel_id_28257\/travel_site_1\/","hsp":1}	918154
{"t":"Changi Airport Post Office (PO Box)","x":103.989287,"y":1.353746,"u":"https:\/\/www.streetdirectory.com\/asia_travel\/travel\/travel_id_28257\/travel_site_1\/","hsp":1}	918155
{"t":"Changi Airport Post Office (PO Box)","x":103.989287,"y":1.353746,"u":"https:\/\/www.streetdirectory.com\/asia_travel\/travel\/travel_id_28257\/travel_site_1\/","hsp":1}	918156
{"t":"Changi Airport Post Office (PO Box)","x":103.989287,"y":1.353737,"u":"https:\/\/www.streetdirectory.com\/asia_travel\/travel\/travel_id_28257\/travel_site_1\/","hsp":1}	918157
{"t":"Changi Airport Post Office (PO Box)","x":103.989287,"y":1.353728,"u":"https:\/\/www.streetdirectory.com\/asia_travel\/travel\/travel_id_28257\/travel_site_1\/","hsp":1}	918158
{"t":"Changi Airport Post Office (PO Box)","x":103.989287,"y":1.353737,"u":"https:\/\/www.streetdirectory.com\/asia_travel\/travel\/travel_id_28257\/travel_site_1\/","hsp":1}	918159
{"t":"Changi Airport Post Office (PO Box)","x":103.989287,"y":1.353728,"u":"https:\/\/www.streetdirectory.com\/asia_travel\/travel\/travel_id_28257\/travel_site_1\/","hsp":1}	918160
{"t":"Changi Airport Post Office (PO Box)","a":"-, -, (S)918161","x":103.989295,"y":1.353746,"u":"https:\/\/www.streetdirectory.com\/asia_travel\/travel\/travel_id_28257\/travel_site_1\/","hsp":1}	918161
{"t":"Changi Airport Post Office (PO Box)","a":"-, -, (S)918162","x":103.98922,"y":1.353771,"u":"https:\/\/www.streetdirectory.com\/asia_travel\/travel\/travel_id_28257\/travel_site_1\/","hsp":1}	918162
{"t":"Changi Airport Post Office (PO Box)","x":103.989295,"y":1.353728,"u":"https:\/\/www.streetdirectory.com\/asia_travel\/travel\/travel_id_28257\/travel_site_1\/","hsp":1}	918163
{"t":"Changi Airport Post Office (PO Box)","x":103.989287,"y":1.35372,"u":"https:\/\/www.streetdirectory.com\/asia_travel\/travel\/travel_id_28257\/travel_site_1\/","hsp":1}	918185
{"t":"Airmail Transit Centre Post Office","a":"-, -, (S)918186","x":103.897315,"y":1.393126,"u":"https:\/\/www.streetdirectory.com\/asia_travel\/travel\/travel_id_53066\/travel_site_407709\/","hsp":1}	918186
{"t":"Changi Airport Post Office (PO Box)","x":103.989287,"y":1.353737,"u":"https:\/\/www.streetdirectory.com\/asia_travel\/travel\/travel_id_28257\/travel_site_1\/","hsp":1}	918199
{"t":"POPStation@Punggol Plaza","a":"-, -, (S)918290","x":103.91291,"y":1.394329,"u":"https:\/\/www.streetdirectory.com\/asia_travel\/travel\/travel_id_111648\/travel_site_421373\/","hsp":1}	918290
{"t":"Vbox or My Singpost Box","a":"-, -, (S)919191","x":103.893955,"y":1.392592,"u":"https:\/\/www.streetdirectory.com\/asia_travel\/travel\/travel_id_53110\/travel_site_152245\/","hsp":1}	919191
{"t":"POPStation@SAFRA Punggol","a":"-, -, (S)978200","x":103.906149,"y":1.410189,"u":"https:\/\/www.streetdirectory.com\/asia_travel\/travel\/travel_id_111650\/travel_site_421375\/","hsp":1}	978200
